{"cameraMode":{"drawMode":0,"name":"Shaded","section":"Shading Mode"},"sceneLighting":true,"audioPlay":false,"sceneViewState":{"m_AlwaysRefresh":false,"showFog":true,"showSkybox":true,"showFlares":true,"showImageEffects":true,"showParticleSystems":true,"showVisualEffectGraphs":true,"m_FxEnabled":true},"in2DMode":false,"pivot":{"x":4.275593280792236,"y":4.229891777038574,"z":18.457826614379884},"rotation":{"x":0.014207862317562104,"y":-0.9753586053848267,"z":0.06593140214681626,"w":0.21002857387065888},"size":3.225552558898926,"orthographic":false}