{"cameraMode":{"drawMode":0,"name":"Shaded","section":"Shading Mode"},"sceneLighting":true,"audioPlay":false,"sceneViewState":{"m_AlwaysRefresh":false,"showFog":true,"showSkybox":true,"showFlares":true,"showImageEffects":true,"showParticleSystems":true,"showVisualEffectGraphs":true,"m_FxEnabled":true},"in2DMode":false,"pivot":{"x":-173.6880645751953,"y":0.7322826385498047,"z":14.32823371887207},"rotation":{"x":0.13004979491233827,"y":-0.6113994121551514,"z":0.10273118317127228,"w":0.7737824320793152},"size":11.925186157226563,"orthographic":false}