{"cameraMode":{"drawMode":0,"name":"Shaded","section":"Shading Mode"},"sceneLighting":true,"audioPlay":false,"sceneViewState":{"m_AlwaysRefresh":false,"showFog":true,"showSkybox":true,"showFlares":true,"showImageEffects":true,"showParticleSystems":true,"showVisualEffectGraphs":true,"m_FxEnabled":true},"in2DMode":false,"pivot":{"x":6.136369705200195,"y":0.4193763732910156,"z":-1.9297752380371094},"rotation":{"x":0.05986332148313522,"y":-0.9217015504837036,"z":0.34915363788604739,"w":0.1580178439617157},"size":10.365612030029297,"orthographic":false}