{"cameraMode":{"drawMode":0,"name":"Shaded","section":"Shading Mode"},"sceneLighting":true,"audioPlay":false,"sceneViewState":{"m_AlwaysRefresh":false,"showFog":true,"showSkybox":true,"showFlares":true,"showImageEffects":true,"showParticleSystems":true,"showVisualEffectGraphs":true,"m_FxEnabled":true},"in2DMode":false,"pivot":{"x":-157.87945556640626,"y":30.46622085571289,"z":-22.52069091796875},"rotation":{"x":0.4966828227043152,"y":-0.018225278705358506,"z":0.010432074777781964,"w":0.8676819205284119},"size":3.2255518436431886,"orthographic":false}