{"cameraMode":{"drawMode":0,"name":"Shaded","section":"Shading Mode"},"sceneLighting":true,"audioPlay":false,"sceneViewState":{"m_AlwaysRefresh":false,"showFog":true,"showSkybox":true,"showFlares":true,"showImageEffects":true,"showParticleSystems":true,"showVisualEffectGraphs":true,"m_FxEnabled":true},"in2DMode":false,"pivot":{"x":12.359926223754883,"y":9.26995849609375,"z":3.7824926376342775},"rotation":{"x":0.07643693685531616,"y":-0.8776933550834656,"z":0.14939886331558228,"w":0.44892221689224245},"size":10.302767753601075,"orthographic":false}